Account,Category
FIFAcom,Football
UEFAcom,Football
SkyFootball,Football
skworldfootball,Football
Football_LDN,Football
Arsenal,Football
ManUtd,Football
CelticFC,Football
QFA_EN,Football
FIFAWWC,Football
juventusfcen,Football
PSG_English,Football
LaLigaEN,Football
FCBarcelona,Football
ChampionsLeague,Football
premierleague,Football
realmadriden,Football
Fenerbahce_EN,Football
beINSPORTS_EN,Football
Galatasaray,Football
TravelLeisure,Travel
HaysTravel,Travel
TravelWeeklyUS,Travel
statravelUS,Travel
TTGMedia,Travel
TravelMagazine,Travel
luxurytravel,Travel
ForbesInspector,Travel
CNNTravel,Travel
BBC_Travel,Travel
GoTravelClub_en,Travel
AsWeTravel,Travel
TravelVida,Travel
LuxTravelDiary,Travel
WorldTourisms,Travel
traveladvice,Travel
wendyperrin,Travel
lauratravel,Travel
PADI_Travel,Travel
tgamtravel,Travel
technology,Technology
TechnicalGuruji,Technology
techreview,Technology
OpenTechFund,Technology
MicronTech,Technology
BostonGlobeTech,Technology
Navy_Innovation,Technology
technology_irl,Technology
Liberationtech,Technology
Onshape,Technology
InnovizLiDAR,Technology
technologybuzz,Technology
fttechnews,Technology
TelegraphTech,Technology
IntelTech,Technology
TVTechnology,Technology
TechCoHQ,Technology
Improbableio,Technology
ForbesTech,Technology
techradar,Technology
music,Music
AppleMusic,Music
youtubemusic,Music
Epic_Records,Music
TwitterMusic,Music
Spotify,Music
MarvelMusicInc,Music
digitalmusicnws,Music
PRSforMusic,Music
ultrarecords,Music
ECMRecords,Music
Enhanced_Music,Music
WarnerCanada,Music
FutureHousMusic,Music
MelloMusicGroup,Music
TimesMusicHub,Music
uDiscoverMusic,Music
CosmosMusic,Music
MTVsoundtrack,Music
allmusic,Music
